"Post ID","Account ID","Account username","Account name",Description,"Duration (sec)","Publish time",Permalink,"Post type","Data comment",Date,Views,Likes,Shares,Comments,Saves,Reach,Follows
18487132837047450,17841406005349913,uwmathsoc,"UW Mathematics Society","📄✨ MathSoc is hosting a Resume Review Session to help you prep for Co-op Cycle 1! We’re looking for volunteers to help review resumes and support your fellow students. If you’re interested in volunteering, please sign up using the link below! Pizza 🍕 will be provided!

🔗 https://forms.gle/nKXcCVwLcHtrmmNR8

🗓️ Sign-up deadline: Sunday, January 12th, end of day.

Questions? Contact vpa@mathsoc.uwaterloo.ca or on Discord!",0,"01/09/2025 13:41",https://www.instagram.com/p/DEnsvB7Syle/,"IG image",,Lifetime,5864,71,17,0,6,3108,0
18032185286388541,17841406005349913,uwmathsoc,"UW Mathematics Society","✨🎉 Welcome Week is here! 🎉✨
Join us for a week full of fun events to kick off the semester right:

📅 Mon, Jan 13
🔓 Locker Sign-Ups @ 10 AM
🏢 MathSoc Office Opens @ 10 AM

📅 Tue, Jan 14
💡 Trivia Night @ 7 PM
📍 SLC Bomb Shelter

📅 Wed, Jan 15
🤝 Clubs Fair
🕙 10 AM - 1 PM & 4 PM - 7 PM
📍 MC 3rd Floor Hallway

📅 Thu, Jan 16
🍪 Winter Welcome with Sweet Lou’s Cookies
🕛 12 PM
📍 MC 3rd Floor Hallway

📅 Fri, Jan 17
🎬 Movie Night @ 6 PM
📍 MC 3rd Floor Comfy (beside C&D)

🌟 Don’t miss out – see you there! 💖
#WelcomeWeek #MathSocEvents #CampusLife #FunAndFriends #NewSemester",0,"01/10/2025 15:55",https://www.instagram.com/p/DEqg0UhS1Rq/,"IG image",,Lifetime,7247,92,25,0,11,3126,1
18066953143829093,17841406005349913,uwmathsoc,"UW Mathematics Society","💡🤔 Think you’re a trivia master? Prove it!

Join us for Trivia Night 🏆✨
📅 Tuesday, January 14
🕖 7 PM
📍 SLC Bomb Shelter

🎉 Prizes worth up to $100
🍹 Refreshments provided!

Grab your friends, bring your A-game, and let’s see who takes the crown! 👑 Don’t miss out!

#TriviaNight #MathSocEvents #CampusFun #WinBig #SnacksAndKnowledge 🎊",0,"01/12/2025 08:43",https://www.instagram.com/p/DEu5DaYRVbs/,"IG image",,Lifetime,5136,69,61,2,3,2847,0
17911867203076241,17841406005349913,uwmathsoc,"UW Mathematics Society","🎉✨ Ready to find your perfect club?

📣 MathSoc’s Winter 2025 Clubs Fair is here!
📅 Wednesday, January 15th
🕙 Part 1: 10 AM - 1 PM
🕓 Part 2: 4 PM - 7 PM
📍 MC 3rd Floor Hallway

Come meet these amazing clubs:
🔹 ActSci Club
🔹 Computer Science Club
🔹 Data Science Club
🔹 Double Degree Club
🔹 FARMSA
🔹 Mathematics Endowment Fund
🔹 MathSoc
🔹 Pure Math Club
🔹 Stats Club
🔹 Women in Computer Science

Don’t miss out on a chance to connect, learn, and join the fun! 🪩💫

#MathSocEvents #ClubsFair #CampusLife #GetInvolved #Winter2025",0,"01/12/2025 08:46",https://www.instagram.com/p/DEu5VB2RvCT/,"IG image",,Lifetime,7695,104,26,0,18,3549,8
17910800673071176,17841406005349913,uwmathsoc,"UW Mathematics Society","🍪✨ Nothing says ""welcome"" like cookies!

Join us for Winter Welcome with Sweet Lou’s Cookies 🍪💖
📅 Thursday, January 16th
🕛 12 PM
📍 MC 3rd Floor Hallway

Start your semester off with delicious treats and good vibes. Don’t miss out! 🎉

#MathSocEvents #SweetTreats #CampusLife #WinterWelcome #CookiesAndSmiles",0,"01/12/2025 08:56",https://www.instagram.com/p/DEu6hIUxzf5/,"IG image",,Lifetime,4898,90,75,0,8,2559,0
18088016509526633,17841406005349913,uwmathsoc,"UW Mathematics Society","🎬🍿 MOVIE NIGHT ALERT! 🍿🎬
Grab your friends and join us for an epic movie night! 🎥✨

📅 Date: 17 January
🕕 Time: 6:00 PM
📍 Location: MC 3rd Floor Comfy

Popcorn and refreshments are on us! 🍿🥤 Don’t miss out on the fun — see you there! 🎉💖 #MovieNight #PopcornTime #ChillAndWatch #GoodVibesOnly",0,"01/12/2025 08:58",https://www.instagram.com/p/DEu6wMCx_MZ/,"IG image",,Lifetime,3875,37,11,0,3,2044,0
18042680357041129,17841406005349913,uwmathsoc,"UW Mathematics Society","📣 MathSoc Winter 2025 By-Elections are here! 📊
Nominate, campaign, and vote to make your voice heard in shaping MathSoc Council. 💬

🗳️ Seats available for Actuarial Science, CFM, Statistics, and more!
Key Dates:
👉 Jan 15-21: Nomination Period 
👉 Jan 23-27: Campaign Period
👉 Jan 28-30: Voting Period

Visit vote.wusa.ca and cast your vote for your next MathSoc representatives! ✨ #MathSocElections",0,"01/15/2025 07:33",https://www.instagram.com/p/DE2fbE7Rnxz/,"IG carousel",,Lifetime,4483,43,2,0,0,1951,0
17981365064684832,17841406005349913,uwmathsoc,"UW Mathematics Society","📣 We're Hiring a 4-Month Pro Tempore Director! 📣

Are you an undergraduate math student passionate about leadership, long-term planning, and making a difference in society operations? 💻📊

🗓 Come to M3 4001 Jan 16th at 6 PM to nominate yourself for this exciting opportunity!

Got questions? 🤔 Reach out to the Chair at chair@mathsoc.uwaterloo.ca for more info.

#MathSoc #LeadershipOpportunity #UWMath #StudentLife #JoinUs",0,"01/15/2025 17:45",https://www.instagram.com/p/DE3lcnjIJ2O/,"IG image",,Lifetime,3627,24,2,0,0,2202,0
17900068986105309,17841406005349913,uwmathsoc,"UW Mathematics Society","🎉 Boost your resume game and enjoy some free pizza! 🍕 Join us for a Resume Review session hosted by MathSoc x DSC x CSC.

📍 Where: MC Comfy (3rd Floor)
📅 When: Thursday, January 23rd
⏰ Time: 4 - 6 PM

Don’t miss out on better resumes and tasty perks! See you there! ✨ #ResumeReview #FreePizza #CareerGoals",0,"01/23/2025 09:01",https://www.instagram.com/p/DFLP0yZxQxf/,"IG image",,Lifetime,7622,63,35,0,8,3702,2
18049957876919340,17841406005349913,uwmathsoc,"UW Mathematics Society","*EVENT HAS BEEN CANCELLED* 🎤 Ace your next interview with MathSoc's Mock Interview Night! 🎓 Practice your skills, get feedback, and enjoy FREE pizza 🍕✨ Join us Monday, January 27th, from 5:30 PM – 7:30 PM at MC Comfy. Don't miss out! 

#MockInterviews #CareerPrep #MathSoc",0,"01/24/2025 11:54",https://www.instagram.com/p/DFOIcQKS9c5/,"IG image",,Lifetime,5174,76,7,0,11,2273,0
18057733496480916,17841406005349913,uwmathsoc,"UW Mathematics Society","📚✨ The Ultimate Prof Teach-Off is here! Join us for an exciting showdown featuring Dave Tompkins, Carmen Bruni, and Troy Vasiga! 🎤🔥

📍 MC 3rd floor, in front of CnD
📅 Friday, January 31st
⏰ 2:00 PM - 4:00 PM

Enjoy some free pizza 🍕 while cheering for your favorite professor! See you there! 🤩 #MathSoc #ProfTeachOff #FreePizza",0,"01/28/2025 08:04",https://www.instagram.com/p/DFYBPCsRVdV/,"IG image",,Lifetime,7120,184,94,1,12,4120,0
17865291894241588,17841406005349913,uwmathsoc,"UW Mathematics Society","Happy Lunar New Year Everybody ! 🧧 
- MathSoc and Clubs

#mathsoc #lunarnewyear #uwaterloo",17,"01/29/2025 12:02",https://www.instagram.com/reel/DFbA34NSSyz/,"IG reel",,Lifetime,14913,223,98,4,2,8817,3
18060998998927237,17841406005349913,uwmathsoc,"UW Mathematics Society","Good luck on you STATISTICS Midterm next week! 

- Mathsoc and Timmy T

#mathsoc #uwaterloo #statistics #timmyt",53,"01/30/2025 10:03",https://www.instagram.com/reel/DFdYYLNxqb6/,"IG reel",,Lifetime,13863,429,266,1,24,8303,8
18051982508321042,17841406005349913,uwmathsoc,"UW Mathematics Society","MathSoc’s Board of Directors is looking for a four-month pro tempore director for the term. 

Are you a current undergraduate Math student interested in long-term planning and society operations? 

Come to M3 4001 Thursday, February 6 at 6 PM to nominate yourself. 

Have any questions? Contact the Chair at chair@mathsoc.uwaterloo.ca for more information.",0,"02/03/2025 18:38",https://www.instagram.com/p/DFomm-NoAeE/,"IG image",,Lifetime,3681,36,1,0,0,1985,0
18148923388361731,17841406005349913,uwmathsoc,"UW Mathematics Society","📚 Get ready to ace Math 135! Join us for a Review Session on Feb 8th, 6–9 PM at DC 1350. ✏️➗",0,"02/03/2025 18:42",https://www.instagram.com/p/DFonELHob6I/,"IG image",,Lifetime,3444,45,25,0,2,2071,0
17918018157051810,17841406005349913,uwmathsoc,"UW Mathematics Society","📚 Get ready to ace Math 136 Linear Algebra! Join us for a Review Session on Feb 9th, 6–9 PM at MC 1085. ✏️➗",0,"02/04/2025 15:37",https://www.instagram.com/p/DFq2ndwS2Fe/,"IG image",,Lifetime,3237,67,43,0,8,1930,0
18357817948123879,17841406005349913,uwmathsoc,"UW Mathematics Society","📚 Get ready to ace Math 235 Linear Algebra 2! Join us for a Review Session on Feb 10th, 6–9 PM at MC 1085. ✏️➗",0,"02/06/2025 07:28",https://www.instagram.com/p/DFvISBRx1Tp/,"IG image",,Lifetime,3066,27,13,0,0,1813,0
18054221263895831,17841406005349913,uwmathsoc,"UW Mathematics Society","🚨🚨CALLING ALL BFFS 🚨🚨

Join us for a fun trivia game where we’ll see who truly knows their friends best! An evening of fun, snacks, and a chance to WIN matching Bunny Jellycats and MORE! 🐰✨

📍 (Location has changed to) MC Comfy
📅 Monday, Feb 10th
⏰ 6 PM onwards

🍪 Snacks & refreshments for everyone! 🥤

🔔 Note: This event is for math students! If you are not a math student, you are still welcome to join, but unfortunately, you will not be eligible for food or prizes.

Sign up for you and your friend with the link in bio. Don’t have a friend to bring? Don’t worry, we’ll pair you up with someone for you to get to know someone new!

Hot Take Birthday Cake Pop >> Valentines Day Cake pop 🧁",12,"02/07/2025 07:13",https://www.instagram.com/reel/DFxrKMmR2AY/,"IG reel",,Lifetime,8398,94,52,4,8,4425,0
17971980668821763,17841406005349913,uwmathsoc,"UW Mathematics Society","** Location has CHANGED to MC Comfy **

📊💞 Are you ready to put your friendship knowledge to the test? Join us for a fun trivia game where we’ll see who truly knows their friends best! An evening of fun, snacks, and a chance to WIN matching Bunny Jellycats and MORE! 🐰✨

📍 MC Comfy (in MC 3rd Floor)
📅 Monday, Feb 10th
⏰ 6 PM onwards

🍪 Snacks & refreshments for everyone! 🥤

🔔 Note: This event is for math students! If you are not a math student, you are still welcome to join, but unfortunately, you will not be eligible for food or prizes.

Sign up for you and your friend with the link in bio. Don't have a friend to bring? Don't worry, we'll pair you up with someone for you to get to know someone new!",0,"02/08/2025 18:30",https://www.instagram.com/p/DF1dqAwImm4/,"IG image",,Lifetime,5679,58,49,1,2,3159,0
17852521053390020,17841406005349913,uwmathsoc,"UW Mathematics Society","🚨JELLYCATS ?! BFF TRIVIA ?! 🚨

WHERE CAN I SIGN UP ! Link in Bio! 🔝

See you Monday Feb 10th 6PM AT MC COMFY for our Friendship Stats: Love and Logic Event! 📈📉📊

#mathsoc #bfftrivia #valentinesday",7,"02/08/2025 18:46",https://www.instagram.com/reel/DF1fDZkoZ_z/,"IG reel",,Lifetime,16980,161,71,2,7,7031,6
17937647963852149,17841406005349913,uwmathsoc,"UW Mathematics Society","🚨BE HOT AND MARK YOUR GOOGLE CALENDARS TODAY !! 🚨

MathSoc Friendship Stats: Love and Logic 📈📉💖💔

📍 MC Comfy (in MC 3rd Floor)
📅 Monday, Feb 10th
⏰ 6 PM onwards

#jellycats #bfftrivia #valentinesday #mathsoc #monday",5,"02/08/2025 20:50",https://www.instagram.com/reel/DF1tlzFOD1i/,"IG reel",,Lifetime,6396,44,8,0,0,3284,0
18040217972111281,17841406005349913,uwmathsoc,"UW Mathematics Society","🎓✨ W25 Grad Ball ✨🎓
📅 March 8th | ⏰ 6PM - Midnight
📍 Federation Hall

Don't miss out on a night of celebration, food, and unforgettable memories! Grab your ticket now before February 20th—link in bio! 🎟️💃🕺 

Questions? Please DM @uw_mgc as they have all the details!

#GradBall #MathGrad #ClassOf25 #CelebrateSuccess",0,"02/10/2025 10:35",https://www.instagram.com/p/DF5w7I6xuIY/,"IG image",,Lifetime,9496,148,202,0,14,4211,1
18078192910651606,17841406005349913,uwmathsoc,"UW Mathematics Society","W25 MATH GRAD BALL is happening MARCH 8th 6PM - MIDNIGHT @ FEDERATION HALL 🎓🪩✨ 

Don’t miss out - get your tickets NOW until FEBRUARY 20th

Please DM @uw_mgc or email mgc.mathsoc.uwaterloo.ca for any questions!",10,"02/13/2025 07:37",https://www.instagram.com/reel/DGBKrO3x_kP/,"IG reel",,Lifetime,14651,119,57,1,6,6367,3
17851830120352621,17841406005349913,uwmathsoc,"UW Mathematics Society","Happy Snow Day Mathies! ❄️☃️🏂

Stay Warm out there! 

#mathsoc #uwaterloo #unilife",12,"02/13/2025 11:30",https://www.instagram.com/reel/DGBlbTYyt3n/,"IG reel",,Lifetime,10339,305,92,0,5,5728,5
18021870560405916,17841406005349913,uwmathsoc,"UW Mathematics Society","💕🎉 Happy Valentine’s Day Mathies! 💕🎉 

Love, Logic, and a Little Competition! 🧮💖✨ Congrats to the winners of 'Friendship Stats: Love and Logic'—a Valentine’s Day celebration with MathSoc! 🏆🐰📊💡 

Stay tuned for other event coming up this term! 🎟️📅💌 

#ValentinesDay 💕 #MathSoc 📐 #LoveAndLogic ❤️🔢",0,"02/14/2025 07:34",https://www.instagram.com/p/DGDvTkfxRED/,"IG image",,Lifetime,6491,150,23,0,1,3289,0
18008172326524352,17841406005349913,uwmathsoc,"UW Mathematics Society","W25 MATH GRAD BALL is happening MARCH 8th 6PM - MIDNIGHT @ FEDERATION HALL 🎓🪩✨ 

Don’t miss out - get your tickets NOW until FEBRUARY 20th

Please DM @uw_mgc or email mgc.mathsoc.uwaterloo.ca for any questions!",11,"02/14/2025 12:28",https://www.instagram.com/reel/DGEQ8ldy4Cq/,"IG reel",,Lifetime,7273,38,33,0,1,3023,1
18055853747511546,17841462443346761,uw_mgc,"Mathematics Graduation Committee (MGC)","This FAQ addresses common questions that we’ve received about the 2025 Math Grad Ball!

#math #studentlife #gradball #unilife",0,"02/17/2025 16:10",https://www.instagram.com/p/DGMY0TZyitT/,"IG carousel",,Lifetime,9835,56,0,0,0,,
18045734315350955,17841462443346761,uw_mgc,"Mathematics Graduation Committee (MGC)","The girl of my dreams just called me “one of the girlies” 😔
Hopefully that isn’t the case for you! Ask your date to the Math Grad Ball and have the prom you never got to experience in high school!

#unilife #studentlife #math #gradball #mathsoc #waterloo #universityofwaterloo #uwaterloo",45,"02/18/2025 16:16",https://www.instagram.com/reel/DGO9pELypXq/,"IG reel",,Lifetime,11638,119,121,10,0,,
18052436324167757,17841406005349913,uwmathsoc,"UW Mathematics Society","📚 Get ready to ace Math 137 Calculus! Join us for a Review Session on Feb 23rd, 6–9 PM at DC 1350. ✏️➗",0,"02/21/2025 11:44",https://www.instagram.com/p/DGWNi3cSujb/,"IG image",,Lifetime,4112,25,34,0,0,2011,0
17898382830048954,17841406005349913,uwmathsoc,"UW Mathematics Society","📚 Get ready to ace Math 138 Calculus 2! Join us for a Review Session on Feb 23rd, 6–9 PM at MC 1085. ✏️➗",0,"02/21/2025 11:45",https://www.instagram.com/p/DGWNoVyyO3y/,"IG image",,Lifetime,5379,45,34,0,4,2811,1
18068645584876085,17841406005349913,uwmathsoc,"UW Mathematics Society","📕📙📒📗📘📓✏️
Get ready to ace Calculus! Join us for a Review Session on Feb 23rd, 6–9 PM 

Math 137: DC 1350 📗✏️
Math 138: MC 1085 📙✏️",8,"02/21/2025 12:26",https://www.instagram.com/reel/DGWSGffy9Ix/,"IG reel",,Lifetime,14761,335,71,3,15,6190,0
18116208556446431,17841406005349913,uwmathsoc,"UW Mathematics Society","🎲✨ First Year Fun Alert! ✨🎨

Join us for Bracelets & Board Games on Feb 27th, 4 - 5 PM at MC Comfy II!

Enjoy crafting, playing games, and free Crumby Cookie Dough 🍪💖

First Years Only – Don't Miss Out! 🎉
#MathSoc #FirstYearAffairs #BraceletMaking #BoardGames",0,"02/23/2025 07:07",https://www.instagram.com/p/DGa3cy3R25v/,"IG image",,Lifetime,4496,60,23,0,3,2249,0
18097205047517546,17841406005349913,uwmathsoc,"UW Mathematics Society","Make Your Voice Count! 🗳️ 

Spring 2025 General Elections – Nominate, Campaign, and Vote! 

Important Dates : 
Nomination Period February 26th - March 4th
All Candidates Meeting March 5th
Campaigning Period March 6th - March 12th
Voting Period March 13th - March 17th

Visit VOTE.WUSA.CA to participate!",0,"02/24/2025 10:31",https://www.instagram.com/p/DGdzmKgReK6/,"IG carousel",,Lifetime,8367,42,12,0,0,3624,0
17857928943374847,17841406005349913,uwmathsoc,"UW Mathematics Society","🚨FYA 🚨
📿BRACELETS AND 
🎲BOARD GAMES 🎲
📆THURSDAY FEB 27th 
4-5 PM MC COMFY

First years only. Free Crumby Cookie Dough will be provided",15,"02/25/2025 14:45",https://www.instagram.com/reel/DGg1Q7wS4Tk/,"IG reel",,Lifetime,10508,108,37,3,6,5310,1
18024376631403711,17841406005349913,uwmathsoc,"UW Mathematics Society","welcome back mathies ! we hope you’re feeling refreshed and replenished with energy for all you midterms! 🥳🤓

dw if you arent, i’m not 😔

anyways good luck on midterms !!",7,"02/25/2025 19:10",https://www.instagram.com/reel/DGhTf4AoRCF/,"IG reel",,Lifetime,17291,357,76,5,10,8461,6
18059127827479673,17841406005349913,uwmathsoc,"UW Mathematics Society","i showered 🚿🧽🛀🧼🥳

** i dont think our mathies dont shower. i as a person have no motivation to shower during exam szns **",9,"02/26/2025 18:00",https://www.instagram.com/reel/DGjwUVWIJyZ/,"IG reel",,Lifetime,8931,180,143,0,9,4684,1
18050155703264507,17841406005349913,uwmathsoc,"UW Mathematics Society","📚 Get ready to ace Math 239 Combinatorics! Join us for a Review Session on March 4th, 6–9 PM at PHY 145. ✏️➗",0,"02/27/2025 08:59",https://www.instagram.com/p/DGlXWiCRdy3/,"IG image",,Lifetime,2991,33,7,0,4,1796,0
18080961556652438,17841406005349913,uwmathsoc,"UW Mathematics Society","🚨APPLICATIONS DEADLINE EXTENDED 🚨

📢 MathSoc S25 Executive Applications Now Open! 🚀

Apply for Vice President positions in Operations, Internal, Finance, or Communication.

See more information about the roles in the application form.

🔗 Link in bio | 📅 Deadline: March 21

📩 Questions? Email chair@mathsoc.uwaterloo.ca",0,"03/01/2025 07:15",https://www.instagram.com/p/DGqVHDKRP4q/,"IG image",,Lifetime,5317,32,6,0,3,2234,0
18284602231183333,17841406005349913,uwmathsoc,"UW Mathematics Society","🧋🚨MIDTERM BOBA DESTRESS🚨🧋

Midterms hitting you hard? We can’t do much but we can provide free bubble tea! 

Come to MC 3rd Floor Hallway 
Thursday March 6th 11:30 am
to grab a free bubble tea. 

We know you can survive without it but it could make your life less mundane ;)",16,"03/01/2025 07:53",https://www.instagram.com/reel/DGqZNd_xzRs/,"IG reel",,Lifetime,5623,66,30,0,4,3094,1
17850735471375868,17841406005349913,uwmathsoc,"UW Mathematics Society","📢 Here’s a breakdown of MathSoc Updates! 🎉

👑 General Elections Are Happening NOW
Positions: President, VPA, Councillors
Nominate with the link in bio!

😎 S25 Executive Applications
( Apply to be our next VPC, VPI, VPF, VPO through the link in bio )

📚 MATH 239 Review Sesh
🗓 March 4th | ⏰ 6-9 PM | 📍 PHYS 145

🧋 Midterm Boba Destress
🗓 March 6th | ⏰ 11:30 AM | 📍 MC 3rd Floor Hallway

Stay tuned for more updates!",11,"03/01/2025 07:59",https://www.instagram.com/reel/DGqZx-7RgCc/,"IG reel",,Lifetime,8777,59,3,0,0,4188,2
18074176039690865,17841406005349913,uwmathsoc,"UW Mathematics Society","Calling all Bubble Tea Enthusiasts !

🧋 Midterm Bubble Tea Destress is coming !

🗓 March 6th 
⏰ 11:30 AM 
📍 MC 3rd Floor Hallway",0,"03/01/2025 12:30",https://www.instagram.com/p/DGq5MK3SE0Q/,"IG image",,Lifetime,7943,168,159,0,19,4754,0
18050172746265869,17841406005349913,uwmathsoc,"UW Mathematics Society","🧋 Midterm Bubble Tea Distress is happening...

🗓️ March 6th
⏰ 11:30 AM
📍 MC 3rd Floor

#uwaterloo #mathsoc #bubbletea #midterm #waterloo #uw",6,"03/02/2025 05:20",https://www.instagram.com/reel/DGssoGjxRkg/,"IG reel",,Lifetime,19635,193,333,0,23,9472,6
18054800246124662,17841406005349913,uwmathsoc,"UW Mathematics Society","🧋 Midterm Bubble Tea Distress is happening...

🗓️ March 6th
⏰ 11:30 AM
📍 MC 3rd Floor

#uwaterloo #mathsoc #bubbletea #midterm #waterloo #uw",11,"03/04/2025 11:07",https://www.instagram.com/reel/DGyd9BASS8a/,"IG reel",,Lifetime,8372,91,52,0,9,4417,2
18264442888281307,17841406005349913,uwmathsoc,"UW Mathematics Society","🧋Midterm Bubble Tea Distress is happening...

🗓️ March 6th
⏰ 11:30 AM
📍 MC 3rd Floor

#uwaterloo #mathsoc #bubbletea #midterm #waterloo #uw",5,"03/04/2025 17:17",https://www.instagram.com/reel/DGzIRRxxRgX/,"IG reel",,Lifetime,21853,201,232,2,12,10379,4
17856706344333414,17841406005349913,uwmathsoc,"UW Mathematics Society","🧋Midterm Bubble Tea Distress is happening...

🗓️ March 6th
⏰ 11:30 AM
📍 MC 3rd Floor

#uwaterloo #mathsoc #bubbletea #midterm #waterloo #uw",16,"03/05/2025 12:45",https://www.instagram.com/reel/DG1N9fryA6Y/,"IG reel",,Lifetime,8015,98,33,1,4,4315,2
18023171819425691,17841406005349913,uwmathsoc,"UW Mathematics Society","Hey Mathies, 
We heard there’s a Math239 Midterm! We hope you enjoyed our Midterm Review - Good Luck Tomorrow! 🤓",9,"03/05/2025 13:46",https://www.instagram.com/reel/DG1UsvzSTcJ/,"IG reel",,Lifetime,10019,132,50,2,3,4275,1
18022983350452211,17841406005349913,uwmathsoc,"UW Mathematics Society","Hey Mathies! 📙

We hope Math 239 went well ! 🫡💪

Good Luck on CS 350 ! 🤪🤓",24,"03/06/2025 15:27",https://www.instagram.com/reel/DG4D58eSa4H/,"IG reel",,Lifetime,16352,1018,806,0,53,10925,15
18027516221636425,17841406005349913,uwmathsoc,"UW Mathematics Society","📚 Get ready to ace CO 250 Optimization! Join us for a Review Session on March 10th, 6–9 PM at MC 4045. ✏️➗",0,"03/06/2025 15:42",https://www.instagram.com/p/DG4HFg4xFCG/,"IG image",,Lifetime,2887,33,4,0,5,1695,0
17880027867167414,17841406005349913,uwmathsoc,"UW Mathematics Society","Make Your Voice Count! 🗳️

Spring 2025 VPA By-Elections – Nominate, Campaign, and Vote!

Important Dates :
Nomination Period: March 11th - 17th
All Candidates Meeting March 18th
Campaigning Period March 19th -23rd
Voting Period March 24th-25th

Visit VOTE.WUSA.CA to participate!",0,"03/10/2025 13:51",https://www.instagram.com/p/DHCGrPiSXSj/,"IG carousel",,Lifetime,4699,21,1,0,1,1770,0
18070157194853686,17841406005349913,uwmathsoc,"UW Mathematics Society","It's everyone's favourite time of the year! Celebrate Pi Day with MathSoc! 🥧🎉

Join us this Friday, MArch 14th (3.14), for some delicious pie and a fun Pi recitation contest!

📍 Grab your pie @1:59 PM - MC 3rd Floor Hallway
📍 Pi Recitation @3:14 PM - MC Comfy

Don’t miss out on the math and treats! 🍰➗",0,"03/10/2025 19:02",https://www.instagram.com/p/DHCqTWzRr6w/,"IG image",,Lifetime,6400,180,157,0,11,3466,3
17997223349716476,17841406005349913,uwmathsoc,"UW Mathematics Society","💚☘️ St. Patty’s Sex Toy Bingo! ☘️💚

Get ready for a shamrockin’ night of wild fun at St. Patty’s Sex Toy Bingo! 🎉 Hosted by the iconic Bone Toof, expect fierce drag performances, cheeky bingo calls, and spicy prizes! 🍑🎁

📅 March 19 | ⏰ 6:45 – 9:00 PM | 📍 M3 1006
🎟️ Limited spots! Ticket holders get priority—walk-ins at 7:15 PM (if space allows). Doors close at 7:30 PM!

✨ Undergrad Math students only (WatCard required) ✨

Don’t miss out—secure your spot now for a night of luck, laughs, and fabulous fun! 🍀💃 #SexToyBingo #DragBingo #LuckyNight",0,"03/12/2025 14:18",https://www.instagram.com/p/DHHTU55SF_c/,"IG image",,Lifetime,10373,89,446,0,11,4469,0
17862774069283634,17841406005349913,uwmathsoc,"UW Mathematics Society","It’s everyone’s favourite time of the year! Celebrate Pi Day with MathSoc! 🥧🎉

Join us this Friday, March 14th (3.14), for some delicious pie and a fun Pi recitation contest!

📍 Grab your pie @1:59 PM - MC 3rd Floor Hallway
📍 Pi Recitation @3:14 PM - MC Comfy

Don’t miss out on the math and treats! 🍰➗",42,"03/12/2025 15:15",https://www.instagram.com/reel/DHHZ1smy6xi/,"IG reel",,Lifetime,11986,238,92,2,11,6350,3
18065806588910570,17841406005349913,uwmathsoc,"UW Mathematics Society","S25 EXECUTIVE APPLICATIONS ARE OUT NOW ! 

APPLY TO BE OUR NEXT 
- VP COMMUNICATIONS ☎️
- VP FINANCE 💰
- VP INTERNAL 🎤
- VP OPERATIONS 🍭

S25 BY-ELECTIONS ARE HAPPENING NOW
- NOMINATE A VP ACADEMIC 🤓",19,"03/13/2025 17:54",https://www.instagram.com/reel/DHKP8DgR67i/,"IG reel",,Lifetime,10108,78,11,0,9,3873,0
18070473340866912,17841406005349913,uwmathsoc,"UW Mathematics Society","It’s everyone’s favourite time of the year! Celebrate Pi Day with MathSoc! 🥧🎉

Join us this Friday, March 14th (3.14), for some delicious pie and a fun Pi recitation contest!

📍 Grab your pie @1:59 PM - MC 3rd Floor Hallway",47,"03/13/2025 18:33",https://www.instagram.com/reel/DHKVWSARlSp/,"IG reel",,Lifetime,16518,98,90,0,3,9677,3
18058587134314152,17841406005349913,uwmathsoc,"UW Mathematics Society","HEAR ME OUT ? 📣

HERE COMES PI DAY ! 🧮

TOMORROW 1:59 PM ! Come your your free pie! 🥧 

Open to all undergraduate mathematics students!",77,"03/13/2025 19:27",https://www.instagram.com/reel/DHKbTVjxvF2/,"IG reel",,Lifetime,10092,213,145,4,11,4003,2
18044695724590218,17841406005349913,uwmathsoc,"UW Mathematics Society","📢 MathSoc General Meeting – Have Your Say! 🗳️

🗓 March 18th, 6 PM
📍 M3 1006
🍽 Food will be provided!

Join us to:
✅ Get updates from Execs & CEE
✅ Vote on motions that impact all math students
✅ Appoint 2 new Board of Directors members (S25-W26)

Can’t make it? Submit a proxy form to ensure your voice is heard! Link in bio. 🔗 #MathSoc #GeneralMeeting #HaveYourSay",0,"03/13/2025 19:35",https://www.instagram.com/p/DHKcaQ3xEQQ/,"IG carousel",,Lifetime,5868,23,2,0,0,2027,0
18057384137085316,17841406005349913,uwmathsoc,"UW Mathematics Society","💚☘️ St. Patty’s Sex Toy Bingo! ☘️💚

📅 March 19 | ⏰ 6:45 – 9:00 PM | 📍 M3 1006

We have 40 prize packages ! Get your FREE ticket now with the link in bio!",15,"03/17/2025 13:03",https://www.instagram.com/reel/DHUCeM1y6Hc/,"IG reel",,Lifetime,9337,44,502,2,11,3900,3
18050090234022731,17841406005349913,uwmathsoc,"UW Mathematics Society","🎉 Trivia Night! 🧠✨ 

First-year math students, join us for an evening of fun, prizes, and mocktails! 🍹🎁

📅 March 25th, 5-6 PM @ MC Comfy!",0,"03/18/2025 13:40",https://www.instagram.com/p/DHWr0n2yIwN/,"IG image",,Lifetime,5252,77,57,0,9,2437,0
18071568475836716,17841406005349913,uwmathsoc,"UW Mathematics Society","🏐 Intersoc Volleyball Tournament! 🏆🔥 

Math vs. Eng vs. Arts vs. Sci—who will take the title? 

🏅 Try out for the Math team on March 25th, 6-7 PM @ CIF Gym 3. 

Sign up to try out with the link in bio. 

Game day: March 29th, 12-4 PM @ PAC Main Gym. 

Let’s serve up some competition! 💪🎉",0,"03/18/2025 14:11",https://www.instagram.com/p/DHWvZ9yyHhG/,"IG image",,Lifetime,8005,99,116,1,8,3527,3
18035704283542250,17841401877226097,uwengsoc,"Waterloo Engineering Society","🔥 The ultimate showdown is HERE! 🔥

SciSoc, EngSoc, MathSoc, and ASU go head-to-head in an epic volleyball battle 🏐💥 Who will take the crown? 👑

📅 Saturday, March 29
⏰ 12:00 PM - 4:00 PM
📍 PAC Main Gym

Four faculties. One champion. Don’t miss the action! ⚡ #volleyballshowdown #facultyfaceoff #gameon",0,"03/20/2025 13:00",https://www.instagram.com/p/DHbw3DVOgwv/,"IG image",,Lifetime,20221,302,207,2,0,,
18041134748168767,17841406005349913,uwmathsoc,"UW Mathematics Society","📢 Join the MathSoc Career Nexus Team! 📢

We’re looking for passionate students to help organize the MathSoc Job Fair! 🚀

Positions Available:
✨ Operations & Logistics Coordinator
📢 Marketing & Social Media Coordinator
💰 Finance & Sponsorship Coordinator
🤝 Employer & Student Relations Coordinator
📸 Photographer

Gain valuable experience, build connections, and make an impact!

📅 Apply by March 28, 2025, at 11:59 PM EDT
📩 Questions? Contact careerfair@mathsoc.uwaterloo.ca

🔗 Apply now with the link in BIO

Send your CV at careerfair@mathsoc.uwaterloo.ca",0,"03/20/2025 16:51",https://www.instagram.com/p/DHcLNTlIdT8/,"IG image",,Lifetime,10540,49,30,0,12,4460,9
17845707162441624,17841406005349913,uwmathsoc,"UW Mathematics Society","🌟 Move, Breathe, Refresh! 🧘‍♀️🥤

Join us for Pilates & Smoothies, a wellness event designed to strengthen your body, clear your mind, and nourish your soul! 💛 Flow through a Vinyasa Pilates session, then refuel with a delicious smoothie and good vibes.

📅 Thursday, March 27, 2025
📍 PAC Studio 1
⏰ 10:45 AM – 12:30 PM
⚡ Limited to 35 spots! Sign up to save yours. Drop-ins welcome at 10:55 AM if space allows!

Prioritize your well-being and join us for movement, mindfulness, and connection. ✨ Tag a friend and sign up now! #PilatesAndSmoothies #MindfulMovement #SelfCare #FeelGoodFlow",0,"03/21/2025 14:06",https://www.instagram.com/p/DHedG_eS4pC/,"IG image",,Lifetime,5698,60,64,0,6,2563,0
18040603148526372,17841406005349913,uwmathsoc,"UW Mathematics Society","🚨DEADLINE IS TONIGHT! 🚨

APPLY TO BE AN EXEC FOR MATHSOC SPRING 2025 TODAY!

More info on our Form in our BIO.",13,"03/21/2025 15:33",https://www.instagram.com/reel/DHenDaUS9b6/,"IG reel",,Lifetime,7632,36,9,2,2,3624,0
17971272683706413,17841406005349913,uwmathsoc,"UW Mathematics Society","Thank you @uwempowercycle for the donations.

Come pick up a period package at our MathSoc Office ! Limited Packages.

We’re Open Monday - Friday @10am-5pm",18,"03/23/2025 12:24",https://www.instagram.com/reel/DHjavFEyWRa/,"IG reel",,Lifetime,18016,471,349,12,15,9025,2
18028665086345204,17841424012016536,uwempowercycle,"UW Empower Cycle","Together for period equity! 🌸✨ We packed the kits, and @uwmathsoc @uwengsoc @uwscisoc and @ahsum.waterloo are helping distribute them. Limited quantities available—check the second slide for pickup locations and spread the word! 💖 

#PeriodEquity #CommunityCare #BetterTogether",0,"03/23/2025 15:45",https://www.instagram.com/p/DHjyCwXPA3Q/,"IG carousel",,Lifetime,20177,214,137,2,0,,
18031219514643054,17841406005349913,uwmathsoc,"UW Mathematics Society","✨🍹 Party with Profs! 🍕🎉
Join MathSoc for an afternoon of good vibes, great conversations, and free food & drinks! 🥂✨ Meet your favourite profs in a relaxed setting and enjoy a delicious spread! 😍

📅 Friday, March 28
🕛 12:00 PM - 2:00 PM
(Split into 2 sessions 12:00PM - 1:00PM and 1:00PM - 2:00PM)
📍 GRAD House
🔞 Must be 19+ to drink (Bring ID!)

🚀 RSVP now – Link in bio!

#MathSoc #PartyWithProfs #FreeFood #Networking #GradHouse #MeetYourProfs",0,"03/25/2025 12:46",https://www.instagram.com/p/DHonOp2SN8X/,"IG carousel",,Lifetime,7690,88,61,0,13,2757,1
18495825220005260,17841401877226097,uwengsoc,"Waterloo Engineering Society","The full volleyball tournament schedule is here 🏐💥 Witness each match TOMORROW!

📅 Saturday, March 29
⏰ 12:00 PM - 4:00 PM
📍 PAC Main Gym

The incredible face-off between ASU, MathSoc, SciSoc and EngSoc is here and it's anybody's game.

Four societies enter. One leaves with the ultimate victory 👑

Don’t miss the action!

⚡ #volleyballshowdown #facultyfaceoff #gameon",0,"03/28/2025 10:49",https://www.instagram.com/p/DHwII4KuCHM/,"IG carousel",,Lifetime,22099,181,63,1,0,,
18063604819825706,17841406005349913,uwmathsoc,"UW Mathematics Society","COME CHEER ON MATHSOC AT THE INTERSOC VOLLEYBALL GAME 

📆 SATURDAY MARCH 29th
🕜12-4 PM
📍PAC MAIN GYM",19,"03/28/2025 11:34",https://www.instagram.com/reel/DHwNMs4R1Zn/,"IG reel",,Lifetime,7811,94,9,0,0,3880,2
17902513278153096,17841406005349913,uwmathsoc,"UW Mathematics Society","math vs eng 

25 - 21",1276,"03/29/2025 12:37",https://www.instagram.com/reel/DHy5Uw8SThM/,"IG reel",,Lifetime,4089,48,10,0,1,1835,0
18049319618049544,17841406005349913,uwmathsoc,"UW Mathematics Society","math vs eng set 2 & 3 

MATH WINS",1911,"03/29/2025 13:10",https://www.instagram.com/reel/DHy9EtESlVp/,"IG reel",,Lifetime,4283,53,8,0,2,2057,0
18029395178360891,17841406005349913,uwmathsoc,"UW Mathematics Society","🚨ROOM CHANGE TO DWE 3522 / 3516🚨

🎲♠️ Get ready for a night of high stakes and sweet sips! Join MathSoc x UW Poker Studies Club for Casino Night – featuring poker, blackjack, prizes, and bubble tea! 🃏✨

📅 Wednesday, April 2nd
⏰ 6 - 8 PM
📍 DWE 3522 / 3516

First 50 attendees get free bubble tea! 🧋 Don't miss out! 🎰💸

**Please note this event is ONLY open to Undergraduate Faculty of Mathematics Students (MathSoc Members)**",0,"03/31/2025 07:34",https://www.instagram.com/p/DH3gTkERmMA/,"IG image",,Lifetime,15971,144,250,0,12,5509,1
17872120296323489,17841406005349913,uwmathsoc,"UW Mathematics Society","this was filmed a little back. 

good luck to those on that co-op search grind! 💪",7,"03/31/2025 12:36",https://www.instagram.com/reel/DH4Cmt8S1J5/,"IG reel",,Lifetime,10743,248,34,0,11,3684,0
18067425868918210,17841406005349913,uwmathsoc,"UW Mathematics Society","Math C&D is Hiring Cashiers! 🛒☕

Looking for a job on campus? Math C&D is hiring cashiers! Positions are open to all undergraduate students.

📅 Deadline to apply: April 4th, 2025
📩 Submit your resume and Spring 2025 class schedule to rpenner@mathsoc.uwaterloo.ca

Join the team and be part of the Math C&D community! 🚀 #MathSoc #Hiring #CampusJobs",0,"03/31/2025 15:49",https://www.instagram.com/p/DH4Y3yDS63y/,"IG image",,Lifetime,6692,90,53,0,16,3450,1
17947244210828907,17841400031054667,waterloomath,"University of Waterloo Math","Just a typical day in the life of Pinky (ft. πper)",51,"04/01/2025 07:53",https://www.instagram.com/reel/DH6G8PSAKqP/,"IG reel",,Lifetime,14800,232,65,1,0,,
18065805391787426,17841406005349913,uwmathsoc,"UW Mathematics Society","📢 Get Ready for Your Math 136 Final!
Join the Math 136 Final Review Session hosted by MathSoc!

📅 Date: April 6th
🕓 Time: 4–6 PM
📍 Location: MC 1085",0,"04/05/2025 12:22",https://www.instagram.com/p/DIE5MG7yiN9/,"IG image",,Lifetime,4339,54,28,0,5,2144,1
18070519426861651,17841406005349913,uwmathsoc,"UW Mathematics Society","📢 Get Ready for Your Math 237 Final!
Join the Math 237 Final Review Session hosted by MathSoc!

📅 Date: April 7th
🕓 Time: 2–4 PM
📍 Location: MC 1085",0,"04/05/2025 12:23",https://www.instagram.com/p/DIE5R9US9tA/,"IG image",,Lifetime,3641,19,3,0,0,1760,0
18096865627542882,17841406005349913,uwmathsoc,"UW Mathematics Society","📢 Get Ready for Your Math 235 Final!
Join the Math 235 Final Review Session hosted by MathSoc!

📅 Date: April 8th
🕓 Time: 2–4 PM
📍 Location: MC 1085",0,"04/06/2025 19:28",https://www.instagram.com/p/DIIOsj0oyJL/,"IG image",,Lifetime,4577,27,6,2,0,2398,1
18269350588286377,17841406005349913,uwmathsoc,"UW Mathematics Society","📢 Get Ready for Your Math 138 Final!
Join the Math 138 Final Review Session hosted by MathSoc!

📅 Date: April 12th
🕓 Time: 2–4 PM
📍 Location: MC 2038",0,"04/11/2025 11:12",https://www.instagram.com/p/DIUN7OQxz-P/,"IG image",,Lifetime,3427,41,27,0,1,1941,0
17981748065681731,17841433927751028,qfarasatcyc,"Qasim Farasat","Grateful to return to @uofwaterloo not just as an alumnus, but as a voice for the #NextGeneration. Being the speaker at the 2025 Grad Class Send-Off brought back memories, pride, and purpose. Stay tuned for the 🎬
#UWaterloo #GradSendOff #Changemaker #SDGLeaderhsip 

@waterloomath @uwaterlooalumni @uwmathsoc",0,"04/13/2025 06:14",https://www.instagram.com/p/DIY1a4koCFP/,"IG carousel",,Lifetime,12110,101,4,1,0,,
17953066508945346,17841433927751028,qfarasatcyc,"Qasim Farasat","A truly humbling moment—receiving a token of appreciation from the Dean after sharing my journey with the next generation of changemakers at @uofwaterloo. Grateful to be back where it all began, and proud to give back to a place that gave me so much.

#UWaterloo #FullCircle #Gratitude #ProudAlum 
@waterloomath @uwaterlooalumni @uwmathsoc",0,"04/13/2025 16:43",https://www.instagram.com/p/DIZ9Z0wo31R/,"IG carousel",,Lifetime,7337,95,2,1,0,,
18091158424587171,17841433927751028,qfarasatcyc,"Qasim Farasat","From math lectures to the mic—returning to @uofwaterloo to toast the graduating class was more than an honour. It felt like closing a chapter and opening a much bigger one. To every young mind in that room: you’re not just graduating, you’re stepping into leadership. #UWaterlooAlumni #WaterlooMath #Changemaker #SDGLeadership 

@uofwaterloo @waterloomath @uwaterlooalumni @uwmathsoc",514,"04/14/2025 14:53",https://www.instagram.com/reel/DIcUWvLoYOr/,"IG reel",,Lifetime,5099,53,3,2,0,,
18304135603240459,17841406005349913,uwmathsoc,"UW Mathematics Society","average uw stat230/231 experience

we’re praying for ur other finals 💪",22,"04/16/2025 22:05",https://www.instagram.com/reel/DIiQm15OFGu/,"IG reel",,Lifetime,22221,824,945,6,50,11897,11
17999309714772652,17841406005349913,uwmathsoc,"UW Mathematics Society","🎉 Math 239 Final Review Session 🎉 
📅 April 19th
🕑 2:00 PM – 4:00 PM
📍 MC 2038
Don’t miss out on the perfect prep before your final! 🧠📚✏️",0,"04/17/2025 09:47",https://www.instagram.com/p/DIjg-1Oxd8c/,"IG image",,Lifetime,4433,22,6,1,2,2057,0
17875123758320431,17841406005349913,uwmathsoc,"UW Mathematics Society","🎉 AMath 250 Final Review Session 🎉 
📅 April 21st
🕑 2:00 PM – 4:00 PM
📍 MC 2038
Don’t miss out on the perfect prep before your final! 🧠📚✏️",0,"04/17/2025 09:48",https://www.instagram.com/p/DIjhEGyROGG/,"IG image",,Lifetime,4189,19,2,0,0,1988,0
18065426917976203,17841406005349913,uwmathsoc,"UW Mathematics Society","To the Winter 2025 Exec Team ❄️💼

Thank you for an amazing term — it’s been such a joy working alongside each of you 💖 You all made W25 unforgettable. I know the next S25 Team will be just as incredible (maybe even better 👀).

Want to be an Exec one day?
We highly recommend joining our Spring 2025 Volunteer Team 🌱✨ It’s the best way to get involved before applying for Exec in future terms (including Fall 2025)!
📅 Volunteer Apps drop May 1st — don’t miss it!

With love always,
VPC

P.S. Not signing off just yet — more posts coming your way 🫣 Swipe to the end for some BTS magic 🎬📸

Starter Kits Rendered by ChatGPT OpenAI",0,"04/18/2025 11:07",https://www.instagram.com/p/DImO--wxnyF/,"IG carousel",,Lifetime,14940,222,21,3,4,4684,1
18262499761252919,17841406005349913,uwmathsoc,"UW Mathematics Society","MathSoc is looking to hire speaker 🔊 and secretaries ✍️
for our Council and Board

Visit the linktree 🌲 in our bio and go to “Volunteer with MathSoc” to learn more about role responsibilities and apply now! 

Our first council meeting is this Thursday (January 9th) at 6 pm in MC 5479. It’s recommended to show up and nominate yourself! We hope to see you there 😊",0,"01/06/2025 14:22",https://www.instagram.com/p/DEgDCYfSIrM/,"IG carousel",,Lifetime,4943,37,5,0,2,2025,0
